,Abstrak
12,"Gerak pekerja ada pada game yang memiliki genre RTS (Real-Time Strategy). Gerak pekerja memiliki berbagai macam gerak. Oleh sebab itu dibutuhkan sebuah pendekatan konsep AI  untuk mendesain perilaku pekerja tersebut. Perilaku karakter tersebut harus ditambahi dengan AI (Artifical intelegent) agar perilakunya menjadi lebih hidup dan realistis.
Dalam penelitian ini AI yang digunakan adalah Finite State Machine. Finite State Machine digunakan untuk menentukan gerak pekerja terhadap parameter-parameter yang digunakan sebagai dasar gerak yang akan dilakukan . Selanjutnya akan disimulasikan pada game RTS dengan menggunakan game engine.
Hasil yang di peroleh dalam penelitian ini adalah penerapan metode Finite State machine untuk menentukan gerak pekerja berdasarkan parameter jumlah harta, prajurit, kondisi bangunan, dan stockpile (jumlah resources yang di bawa). 

Kata kunci : Game, Real-Time Strategy, Gerak Pekerja, Finite State Machine.
"
16,"Senyum merupakan salah satu fitur biometrik yang dapat dijadikan sebagai bukti autentik dari seseorang. Salah satu bentuk penerapan pengenalan pola ini adalah mengetahui senyum seseorang sehingga nantinya senyum tersebut dapat dikenali oleh komputer dan disimpan dalam database. Penelitian ini bertujuan mengembangkan penelitian yang sebelumnya yaitu pengenalan pola wajah. Sistem pengenalan ini ada dua tahapan, tahap pertama menghitung ekstraksi fitur pada gambar wajah menggunakan Gray level Co-Occurrence Matrix dan Gray Level Run Lenght Matrix untuk menghasilkan pola senyum, tahap kedua menghitung jarak kemiripan menggunakan Manhattan Distance yaitu semakin rendah nilai jarak suatu citra maka semakin tinggi tingkat kemiripannya. Tugas Akhir ini melakukan uji coba pada 201 gambar foto wajah dalam basis data yang dibagi menjadi tiga kelas yaitu diam, senyum, dan tawa untuk dilakukan ekstraksi fitur menggunakan Gray Level Run leght Matrix dan Gray level Co-Occurrence Matrix, serta menghitung  jarak kemiripan menggunakan Manhattan Distance. Setelah didapat nilai hasil pengukuran jarak kemiripan terhadap ketiga kelas, nilai tersebut dirata – rata untuk mendapatkan hasil yang diinginkan. Hasil yang diperoleh memiliki kemiripan  yang cukup tinggi dengan akurasi terbaik mencapai 100% pada GLCM dan 71% pada GLRM"
32,"Segmentasi adalah suatu proses untuk mengekstraksi atau menampilkan objek tertentu pada citra sehingga obyek tersebut terlihat lebih dominan. Pada penelitian Tugas Akhir ini  proses segmentasi menggunakan Operasi Morfologi yang diantaranya adalah Morfologi Bottom-Hat, Morfologi Dilasi, dan Morfologi Opening. Dalam penelitian ini ada dua tahapan proses segmentasi pembuluh darah retina pada citra fundus ini, yakni : tahapan Preprocessing dan tahapan Segmentasi. Untuk tahapan Preprocessing sendiri terdapat beberapa proses diantaranya : konversi citra RGB ke Green Channel agar mendapatkan komposisi saturasi yang tepat, perbaikan citra menggunakan Contrast Limited Adaptive Histogram Equalization (CLAHE) yaitu dengan meningkatkan nilai kontras pada citra Green Channel, kemudian ada proses filtering citra menggunakan 2D-Gaussian Filter yang berfungsi untuk memperjelas obyek pada citra. Untuk tahap kedua yaitu segmentasi citra yang terdiri dari beberapa proses diantaranya : Morfologi Bottom-Hat, Thresholding, Binerisasi, Adaptive Median Filter, Dilasi, Opening, dan perhitungan akurasi menggunakan Balanced Accuracy. Dari hasil uji coba yang dilakukan pada 20 citra Digital Retinal Image for Vessel Extraction (DRIVE) diperoleh hasil akhir segmentasi pembuluh darah pada retina dengan akurasi sebesar 85,97%. Operasi Morfologi terbukti dapat menghasilkan citra hasil segmentasi  yang cukup baik dengan akurasi yang tinggi."
36,"Kabupaten Bangkalan Mempunyai jumlah penduduk tahun 2010 sebanyak 906.761 yang diikuti dengan jumlah pengangguran yang cukup tinggi, tentunya pengangguran menjadi masalah sosial yang harus diperhatikan.  Berdasarkan permasalahan tersebut maka perlu adanya sistem peramalan sehingga bisa menekan angka pengangguran di Kabupaten Bangkalan. Sistem ini dibuat menggunakan Algoritma Backpropagation yang mampu melakukan penyesuaian bobot penghubung sehingga dapat dijadikan solusi untuk menentukan jumlah pengangguran. Jaringan-jaringan dilatih dengan menggunakan beberapa variabel masukan yaitu : data tahun 2006-2010. Setelah Sistem peramalan dengan menggunakan Algoritma Backpropagation ini melalui proses uji coba didapatkan nilai konfigurasi parameter terbaik ialah konfigurasi lerning rate sebesar 0.7 toleransi error 0.1, maksimal epoch 50 dan hidden layer 14.  Parameter tersebut dipilih menjadi parameter terbaik karena menghasilkan jumlah iterasi yang memiliki nilai akurasi error terbaik saat sistem melakukan pengujian yaitu didapatkan MSE sebesar 37206,6 dan MAPE sebesar 1,34% yang mana diperoleh jumlah pengangguran di Kabupaten Bangkalan pada tahun 2010 adalah 24.637 jiwa. Sedangkan pendataan jumlah pengangguan tahun 2010 yang dilakukan oleh BPS Kabupaten Bangakalan adalah 25008 jiwa.
	
Kata Kunci: Peramalan, Algoritma Backpropagation, Pengangguran.
"
44,"ABSTRAK
Perkembangan teknologi masa kini telah memungkinkan manusia untuk merasakan suatu pengalaman yang nyata tanpa perlu adanya dunia luar atau materi. Teknologi ini sering disebut teknologi virtual reality. Teknologi virtual reality dapat diterapkan di berbagai bidang salah satunya adalah didalam dunia pembelajaran. Didalam penelitian ini akan membuat suatu pembelajaran mengenai proses terjadinya hujan yang dikemas didalam simulasi virtual reality. Tujuan utama dari pengembangan virtual reality adalah untuk menirukan alam nyata ke dalam dunia maya semakin membuat kedekatan imitasi animasi realitas ke dalam dunia maya. Kehadiran teknologi virtual reality ini dimanfaatkan semaksimal mungkin dalam kehidupan sehari-hari. Didalam Penelitian ini ditetapkan perilaku yang menjadi objek adalah kegiatan proses terjadinya hujan. Kegunaan Second Life sebagai platform untuk menghidupkan konsep dalam pembelajaran proses terjadinya hujan menjadi 3 dimensi karena Second Life sangat memadai untuk memvisualisasikan sebuah bentuk 3D dan Second Life merupakan Platform yang sangat mendukung untuk membuat suatu pembelajaran. Hasil uji coba visualisasi terhadap responden mendapatkan suatu pembelajaran visualisasi proses hujan dengan cara yang berbeda dan menarik dan mudah dimengerti. 

Kata kunci: Virtual Reality (VR), Multimedia Proses Hujan, Second Life 
"
46,"Pelayanan guru terhadap siswa dan kepada pihak pihak terkait (walikelas dan bidang Kurikulum) dalam pengumpulan penilaian semester dan tahunan masih bersifat manual dan lambat. Sebagai solusi yang tepat maka aplikasi web sistem akademik sekolah dibangun untuk mengatasi permasalahan yang dihadapi oleh segenap stakeholder sekolah.. Dengan adanya aplikasi website ini, pihak kurikulum,wali kelas serta guru dapat menyelesaikan waktu dalam penyerahan nilai raport kepada siswa. Dan juga tidak membatasi aktivitas guru dalam melakukan tugasnya terlebih pada saat pengumpulan nilai siswa-siswi.
Kata kunci : website, stakeholder, sistem akademik sekolah, kurikulum "
51,"Dinas Kebudayaan dan Pariwisata Provinsi Jawa Timur memiliki tujuan yang harus dicapai yang erat kaitannya dengan pemerataan pengetahuan masyarakat mengenai obyek-obyek wisata di seluruh Jawa Timur. Pencapaian tujuan tersebut dapat dilakukan dengan pemanfaatan sumber daya yang dimiliki secara optimal. Prosedur yang ada selama ini belum ada software penetapan obyek wisata unggulan  secara khusus. Untuk itu, perlu dibuat sebuah sistem pendukung keputusan. Salah satu metode yang cocok dalam penelitian ini adalah metode Fuzzy Anayitical Hierarchy Process (FAHP) dan Multi Attribute Utility Theory (MAUT). Metode ini mampu menyeleksi dan mencari alternatif terbaik dari sejumlah pilihan berdasarkan kriteria yang telah ditetapkan dengan mencari nilai pembobotan untuk setiap kriteria beserta perangkingannya. Selain membantu kinerja admin, juga berpengaruh terhadap masyarakat sebagai user yang bisa menggunakan sistem mengingat berwisata merupakan kebutuhan jasmani yang penting tanpa kita sadari karena dapat menghilangkan penat akibat beraktivitas seharian. Hasil penelitian ini mampu menyeleksi pariwisata unggulan dengan perangkingan obyek wisata terbaik sesuai penilaian sistem berdasarkan prioritas kriteria yang telah ditetapkan. Dari hasil uji coba sistem menunjukkan nilai akurasi dalam sistem pendukung keputusan pariwisata unggulan sebesar 80%.


Kata Kunci: Sistem Pendukung Keputusan, Fuzzy Analitical Hirarcy Process, Multi Attribute  Utility Theory, Pariwisata Unggulan
"
54,"Pengertian jenis kelamin adalah merupakan suatu akibat dari dimorfisme seksual. Telah dilakukan penelitian di Jepang bahwa burung gagak dapat membedakan jenis kelamin sebuah individu. Salah satu bentuk penerapan penentuan jenis kelamin (Jender) ini adalah mengetahui bentuk mata dan hidung seseorang sehingga bentuk mata dan hidung tersebut dapat dikenali oleh komputer dan disimpan dalam database. Pada penelitian Tugas Akhir terdapat dua tahapan, yaitu tahapan pertama menghitung ekstraksi fitur mata dan hidung menggunakan Gray Level Run Length Matrix untuk menghasilkan pola mata dan hidung. Tahap kedua menghitung jarak kemiripan menggunakan Euclidean Distance, yaitu semakin rendah nilai jarak suatu citra maka akan semakin tinggi tingkat kemiripannya. Penelitian Tugas Akhir ini dilakukan uji coba pada 200 gambar mata dan hidung didalam database yang akan dibagi menjadi dua kelas yaitu laki - laki dan perempuan untuk dilakukan ekstraksi fitur menggunakan Gray Level Run Length Matrix dan hasil ekstraksi fitur akan dilakukan pengukuran jarak kemiripan menggunakan metode Euclidean Distance. Setelah didapat nilai hasil pengukuran jarak kemiripan terhadap kedua kelas, nilai tersebut akan dirata – rata untuk mendapatkan hasil yang diinginkan. Dari hasil uji coba perbandingan rata – rata nilai hasil pengukuran Euclidean Distance diperoleh akurasi sebesar 75% pada 20 data uji coba dan 180 dengan jumlah citra yang ditampilkan adalah 5."
56,"Dalam setiap perusahaan tentunya memiliki data penting berkaitan dengan kegiatan bisnis mereka yang perlu dijaga dan diamankan dari orang yang tidak berhak mengaksesnya. Seringkali  muncul aksi ilegal yang mencoba merusak server bahkan sampai mencuri data perusahaan bisa mengakibatkan kesalahan fatal terhadap kelancaran kegiatan bisnis perusahaan disebabkan data yang tidak valid lagi. Menyikapi masalah tersebut, maka diperlukannya sistem monitoring keamanan yang mampu mengamankan server dari tindakan penyusupan. Intrusion Prevention System (IPS) merupakan solusi yang mampu memberikan keamanan pada jaringan server dari tindakan penyusupan. IPS ini mengembangkan Snort sebagai fungsi pendeteksi yang dikombinasikan dengan IPTables Firewall sebagai pencegah adanya penyusupan. IPS ini juga dilengkapi dengan user interface BASE (Basic Analysis and Security Engine)  dan manajemen rule sehingga memudahkan admin untuk memonitor sistem keamanan dari tindakan penyusupan ke jaringan server. Snort akan membuat alert ketika terdeteksi adanya serangan yang disimpan dalam log Snort dan memerintahkan IPTables untuk melakukan drop terhadap alamat penyerang. Kemudian detail serangan bisa dilihat pada tampilan user interface BASE. Dari hasil pengujian, didapatkan bahwa Snort dan IPTables telah bekerja dengan baik menjadi IPS yang mampu memberikan respon secara cepat ketika terdeteksi adanya serangan. Waktu tanggap rata-rata kurang dari 5 detik, dari awal serangan sampai terdeteksinya alert."
60,"Saat ini pencarian citra berbasis teks sudah tidak efektif lagi karena adanya penilaian subjektif dari pengguna dalam merepresentasikan suatu citra. Karena itu diperlukan suatu sistem yang dapat menangani pencarian citra menggunakan query berupa citra atau disebut Sistem Perolehan Citra berbasis Isi (SPCI) atau Content Based Image Retrieval (CBIR). Dengan hal yang seperti ini pada CBIR meskipun ada yang memodifikasi atau merubah nama filenya, tidaklah membuat image searching menjadi rancu karena hal ini tidak didasarkan atas teks atau nama dari sebuah file melainkan berdasarkan ciri baik warna, bentuk maupun tekstur. 
 Dalam  penelitian  Tugas Akhir ini menggunakan ciri tekstur sebagai proses pencarian kemiripan dari delapan kelas citra yang  berbeda yaitu: bangunan, bus, dinosaurus, gajah, gunung, kuda, mawar, dan pantai sebagai objek perolehan citra berbasis isi. Sistem dibangun dengan proses utamanya yaitu ekstraksi fitur tekstur dengan menggunakan metode Gabor Filter. Sehingga dari hasil ekstraksi fitur dilakukan pengukuran kemiripan dengan feature vector citra yang sudah diekstraksi terlebih dahulu yang tersimpan dalam database dengan menggunakan metode Euclidean Distance. Citra query dan citra database yang dipergunakan sebanyak 200 citra dengan delapan kelas citra didalamnya. 
Dari uji coba aplikasi menggunakan pengukuran kemiripan Euclidean Distance dengan nilai threshold=0,02 diperoleh akurasi rata-rata presisi sebesar 0.46 pada data pelatihan 190 dan data uji coba 10 dengan ukuran kernel 3x3 dan jumlah citra yang ditampilkan sebanyak 15 citra termirip dengan citra query dan pengenalan terbaik pada kelas bangunan yaitu dengan akurasi presisi 60% .

Kata Kunci: Tekstur, Sistem Perolehan Citra Berbasis Isi, Gabor Filter, Euclidean Distance.
"
66,"Pengembangan  media pembelajaran interaktif dengan pola pendidikan game dapat meningkatkan motivasi belajar siswa. Game berbasis flash ""Game Edukasi Matematika Sekolah Dasar Kelas 3 Dengan Menggunakan Metode Adaptive Learning"" menjadi salah satu media dalam pendidikan. Dengan sistem komputerisasi, membuat belajar lebih interaktif dalam memberikan dasar matematika untuk siswa muda terutama sekolah dasar. Pada game multitasking ini pengguna dapat bermain dan belajar. Pada game ini juga bersifat adaptif yaitu dapat menyesuaikan level sesuai dengan kemampuan pengguna. Dari seluruh implementasi yang dilakukan didapatkan bahwa metode adaptive learning untuk game edukasi matematika ini berjalan dengan baik. Multitasking pada game edukasi ini membuat siswa kurang konsentrasi pada soal-soal yang ditampilkan. Siswa cenderung pada permainannya. Berdasarkan hasil uji coba yang dilakukan didapat 90,4% responden menyatakan tertarik pada game ini karena skenario game yang dibuat menarik dengan animasi dan gambar latar yang disukai anak-anak."
70,"Kebutuhan pencarian data pada internet yang cepat dan tepat saat ini menjadi faktor penting para pengguna layanan internet. Sistem Informasi Tugas Akhir (SIMTAK) yang digunakan di Fakultas Teknik Universitas Trunojoyo Madura juga membutuhkan pencarian data yang tepat dan cepat berdasarkan konteks. Sistem pencarian yang dipakai saat ini adalah pencarian database dimana masih belum mampu memberikan hasil pencarian yang sesuai dengan konteks atau keywords yang diinputkan. Untuk memiliki kebenaran dalam sistem kecerdasan, pengetahuan perlu ditangkap, diproses, digunakan kembali, dan disampaikan. Ontologi mendukung semua tugas ini. Ontologi adalah spesifikasi dari konseptualisasi. Semantik web adalah sebuah abstrak representasi pada World Wide Web (WWW) yang berbasiskan pada sebuah standar yang didefinisikan menggunakan Resource Description Framework (RDF) dan Ontology Web Language (OWL) ide dasarnya adalah untuk membawa web memiliki definisi dan link data sehingga dapat digunakan lebih efektif untuk mencari, otomasi, integrasi dan reuse informasi pada berbagai aplikasi. Semantik web didefinisikan sebagai sekumpulan teknologi, dimana memungkinkan komputer memahami arti dari sebuah informasi berdasarkan metadata, yaitu informasi mengenai isi informasi seperti judul, pengarang, modifikasi tanggal pada halaman web, dan hak cipta pada halaman web. Dengan menggunakan semantik web, pencarian tugas akhir ini mampu memberikan hasil berdasarkan persamaan makna kata pada keyword yang diinputkan oleh user.
Kata Kunci : Mesin pencari, Semantic web, Tugas akhir.
ABSTRACT"
72,"Pelayanan makanan bagi pasien rawat inap di Rumah Sakit mempunyai tujuan untuk memberikan menu diet yang sesuai dengan syarat gizi minimal dan sesuai dengan penyakit yang diderita pasien. 
Sampai saat ini menu yang disediakan pihak rumah sakit kurang memperhatikan kebutuhan kalori pasiennya per individu. Sehingga mengakibatkan penyediaan makanan kepada pasien tidak sesuai dengan kebutuhan kalori perhari dari pasien. Oleh karena itu dibuatlah sistem pendukung keputusan untuk rekomendasi menu diet pasien sebagai alat bantu dalam penyediaan menu makanan bagi pasien
Metode yang digunakan yaitu metode Harris Benedict untuk perhitungan total kalori pasien dan metode Euclidean untuk perankingannya, maka diharapkan aplikasi sistem pendukung keputusan yang dibuat ini mampu untuk merekomendasikan menu diet kepada pasien beserta penjelasan mengenai kebutuhan kalori perhari untuk asupan makanan perhari dan makanan yang harus dibatasi.

Kata kunci :  Sistem Pendukung Keputusan, Harris Benedict dan Euclidean
"
80,"Produk Olahraga merupakan salah satu bagian penting dalam organ-organ seorang atlit. Peningkatan jumlah penjualan produk yang tidak terduga menyebabkan kesulitan dalam pelayanan yang terbaik kepada konsumen. Demikian juga sebaliknya, apabila terjadi penurunan jumlah penjualan produk,maka akan menyebabkan inventorydi gudang. Oleh karena itu diperlukan sistem peramalan yang mampu meramalkan penjualan produk pada periode berikutnya. Sistem peramalan ini menggunakan metode Jaringan Syaraf Tiruan dengan algoritma Backpropagation dengan momentum untuk meramalkan jumlah penjualan produk pada bulan berikutnya. Data yang telah tersimpan dihitung menggunakan epoh dan learning rate yang berbeda. Dari hasil uji coba system, maka dapat disimpulkan bahwa  dengan menggunakan semua data sebagai data training dan menggunakan learning rate 0.8 dan dengan epoh 18 akan menghasilkan tingkat kesalahan 56827.343. hasil ini menunjukkan hasil terbaik dari beberapa skenario ujicoba sistem, namum belum menunjukkan hasil terbaik dari skenario yang lain dengan meningkatkan epoch supaya mendapatkan hasil yang lebih baik.

Kata kunci : Peramalan, Jaringan Syaraf Tiruan, Backpropagation, Momentum, Penjualan Produk Olahraga.
"
82,"Internet berkembang dengan cepat beberapa tahun belakangan ini. Banyak hal yang dapat dilakukan dengan internet dari bergabung dengan situs jejaring sosial, bermain games online, belanja melalui shop online, download dan browsing info-info yang dibutuhkan. Bukan hanya itu dunia pendidikan juga ikut meramaikan dunia internet, seperti pembelajaran jarak jauh, virtual class, games pendidikan dan lain-lain. Dalam tugas akhir ini membangun aplikasi virtual class matematika untuk siswa SMP berbasis second life. Tujuan utama dari tugas akhir ini adalah untuk membuat suatu media pembelajaran dengan menerapkan teknologi yang ada yaitu, mata pelajaran yang virtual class matematika berbasis second life. Virtual Class ini dibuat secara online dengan menggunakan Second Life. Aplikasi virtual class ini terbagi dari 6 bab materi mata pelajaran matematika, khususnya untuk siswa SMP kelas VII. Didalam virtual class ini terdapat soal evaluasi untuk setiap babnya.Jika nilai evaluasi kurang dari KKM (Kriteria Kelulusan Minimal) maka siswa wajib melakukan pendalaman materi dan evaluasi ulang. Disini KKM nya menggunakan KKM mata pelajaran matematika untuk siswa VII SMP Negeri 1 Tulangan, yaitu dengan Nilai 75. Kendala dari uji coba aplikasi ini adalah kurangnya koneksi internet yang kuat, karena Aplikasi bersifat online dan memperlukan konekasi internet yang lumayan tinggi

Kata Kunci :  Internet, Virtual Class, Second Life, matematika

"
96,"Dalam pola supply chain management terdapat aktivitas penjadwalan produksi. Perubahan penjadwalan pada produksi merupakan hal yang sering terjadi untuk memenuhi permintaan konsumen, Penjadwalan produksi merupakan salah satu fungsi dari pengawasan produksi yang mempunyai peranan yang cukup penting dalam  memaksimalkan pendapatan penjualan, dan meminimalkan biaya produksi, dan proses produksi akan berjalan dengan efisien. Sedangkan proses produksi berjalan dengan efisien, maka proses supply chain management mengalir dengan lancar. Permasalahan yang ada di perusahaan rokok gudang alam, tidak adanya penjadwalan produksi pada perusahaan tersebut, dan pihak sales tidak tahu kapan barang akan dikirim. Dan pihak pemesan atau agen tidak mengetahui kapan barangnya bisa diterima, sehingga proses supply chain management tidak berjalan dengan baik. Dalam penelitian ini, diadakan   pengalokasian bahan-bahan baku dan bahan-bahan pembantu, serta kelengkapan pengolahan  di setiap instalasi atau fasilitas yang telah ditentukan untuk menunjang proses supply chain berjalan dengan baik. Hasil dari penjadwalan meliputi jumlah produk yang dihasilkan dan pengolahan pada produk tersebut, terutama pada bagian yang didahulukan dalam proses produksi untuk melakukan penjadwalan produksi rokok. Yang pada pengurutannya menggunakan metode shortest processing time, menghasilkan penjadwalan produksi rokok yang meminimalisir keterlambatan sesuai dengan permintaan konsumen.

Kata Kunci: Penjadwaln produksi, Shortest Processing Time, supply chain management
"
98,"Sidik jari adalah salah satu karakteristik fisik manusia yang saat ini banyak digunakan untuk identifikasi manusia, karena sidik jari mempunyai karakteristik yang tidak dapat berubah kecuali jika luka atau rusak akibat kecelakaan. Sidik jari sangat diperlukan untuk berbagai kasus tindak kriminal, seperti pencurian, kecurangan administrasi. Sehingga adanya proses pendeteksian sidik jari dapat memudahkan pihak-pihak yang berwajib untuk menangani beberapa kasus tersebut. Proses pendeteksian ini di lakukan dalam program komputer dengan melakukan beberapa tahap perhitungan. Penentuan titik tengah atau yang biasa di kenal dengan Corepoint adalah sebuah proses awal yang sangat berperan penting dalam proses identifikasi manusia. Terdapat dua cara untuk menentukan Corepoint atau titik tengah sidik jari yaitu secara manual dan otomatis. Secara manual dapat di lakukan dengan kasat mata. sedangkan secara otomatis dapat di tentukan dengan menggunakan suatu sistem. Pada Tugas Akhir ini untuk menentukan Corepoint sidik jari secara otomatis digunakan metode Geometry Of Region Technique (GR).Citra yang digunakan pada Tugas Akhir diperoleh dari “database FVC-2002 fingerprint-bitmaps”. Hasil uji coba sistem yang terbaik untuk deteksi Corepoint sidik jari menggunakan metode Geometry Of Region Technique (GR) dengan M0=50 dan V0=50 pada proses normalisasi dan menggunakan ukuran blok 3 x 3 pixel. Hasil akurasi sistem yang didapatkan sebesar 70%.
Kata Kunci : Sidik jari, Corepoint, Geometry Of Region Technique (GR), Normalisasi"
125,"Penjadwalan mata pelajaran di sekolah merupakan masalah yang kompleks. Dalam permasalahan tersebut terdapat beberapa variabel yang harus dipertimbangkan supaya mendapatkan jadwal yang baik. Di dalam penyusunan jadwal mata pelajaran ini terdapat sangat banyak hal yang perlu diperhatikan, serta banyak kemungkinan-kemungkinan yang selayaknya dicoba untuk menemukan penjadwalan yang terbaik. Implementasi Penjadwalan Mata Pelajaran Studi Kasus SMPN 1 Konang dibuat untuk membantu pihak sekolah dalam membuat jadwal mata pelajaran. Dalam membuat jadwal pelajaran banyak hal yang menjadi pertimbangan, misalnya mata pelajaran, hari, guru, serta waktu. Pembuatan jadwal mata pelajaran di SMPN 1 Konang masih dilakukan secara manual. Tugas Akhir ini bertujuan untuk mempermudah dan mempercepat proses membuat jadwal mata pelajaran. Untuk mencapai tujuan tersebut maka digunakan aplikasi FET time tables. Aplikasi FET time tables mempermudah dalam memasukkan data mata pelajaran, guru, ruang kelas, waktu belajar serta batasan-batasan. Dari hasil penelitian yang dilakukan menggunakan aplikasi FET Time Tables mampu membuat jadwal dengan cepat serta mampu membuat beberapa jadwal sekaligus . Semoga adanya aplikasi FET Time Tables ini diharapkan bisa mempermudah dan mempercepat dalam pembuatan penjadwalan mata pelajaran di sekolah."
130,"Implementasi Penjadwalan Mata Pelajaran SMPN 1 Ambunten dibuat untuk membantu pihak sekolah bersangkutan yaitu asisten kurikulum. Asisten kurikulum dapat mengubah data dari penjadwalan mata pelajaran per-tahun, serta membuat jadwal ulangan maupun jadwal yang lain.Karena di dalam sekolah SMPN 1 Ambunten ini memungkinkan Asisten Kurikulum untuk mengubah data dari  penjadwalan, tapi masih menggunakan tabel di word ataupun excel. Sedangkan tujuan dari  Penelitian ini adalah untuk membantu mempercepat Asisten Kurikulum dalam melakukan penjadwalan. 
Penelitian ini bertujuan untuk membantu memperlancar tugas dari asisten kurikulum SMPN 1 Ambunten untuk menggerjakan penjadwalan. Dalam menyusun penjadwalan asisten kurikulum menggunakan aplikasi aSc TimeTables, karena sebelumnya masih manual menggunakan Microsoft word dan microsoft excel. Dan dalam penelitian ini menggunakan data penerapan kurikulum yang dipakai pada tahun 2013 - 2014.
Agar tujuan ini berhasil sesuai yang diinginkan maka digunakan aplikasi aSc TimeTables. Aplikasi aSc TimeTables memiliki kelebihan mudah dan cepat dalam memasukkan data semua mata pelajaran, kelas, ruang kelas, guru dan kontrak guru. aSc TimeTables memperhatikan beban kerja pengajar, serta memudahkan verifikasi jadwal. Dalam penerapan aplikasi banyak sekali keuntungan, seperti gampang menggenerate tinggal menunggu proses loading dari generate.

Kata Kunci : Implementasi, Penjadwalan, Asc Time Table
"
132,"Penyusunan dan pembuatan aplikasi Disaster Management untuk Tsunami khususnya di kabupaten Lumajang dibuat untuk membantu tim penyelamat dalam proses evakuasi bencana tsunami. Dalam aplikasi yang telah dirancang tersebut, pengguna (SAR) dapat mengetahui informasi-informasi penting tentang kota Lumajang, khususnya tata letak posko-posko bencana alam yang ada dan juga dapat memberikan masukan berupa posisi SAR saat ini sehingga aplikasi dapat membentuk rute yang dapat dilewati oleh tim SAR. Tujuan dari Tugas Akhir ini adalah untuk membatu dalam memenuhi kebutuhan tim SAR dalam hal informasi rute dan tata letak posko yang ada di kota Lumajang. Agar tujuan ini berhasil dan sesuai dengan yang di inginkan maka aplikasi yang dibuat di bandingkan dengan aplikasi yang telah banyak orang kenal (Google Map). Google Map digunakan sebagai pembanding antara hasil rute yang dibentuk oleh aplikasi, dengan hasil rute yang dibentuk oleh Google Map. Dari proses pembandingan, didapatkan hasil rute yang hampir sama antara aplikasi yang dibuat dengan Google Map, akan tetapi didapatkan nilai jarak yang berbeda. Hal ini dikarenakan sistem yang dibuat menggunakan Algoritma Genetika sebagai penentu rute dan untuk perhitungan jarak menggunakan Haversine. Sedangkan Google Map menggunakan algoritma-nya sendiri dalam proses perhitungan jaraknya. Hasil dari jarak yang didapatkan oleh aplikasi, jarak tempuh dari Posko Kunir ke RSUD Lumajang berjarak 10.81 km. Sedangkan oleh Google Map didapatkan jarak sebesar 15.4 km.
"
137,"Salah satu komponen penting yang menunjang operasi perusahaan beras adalah 
kegiatan memprediksi jumlah beras yang dibutuhkan konsumen. Dengan prediksi 
yang baik dapat dibuat rencana kerja perusahaan lebih efektif dan efisien.  Proses 
pendistribusian juga harus tepat agar tidak terjadi penumpukan beras di gudang yang 
megakibatkan kwalitas beras menurun.  Selain itu  pemasukan beras  dan distribusi 
beras juga harus seimbang supaya terjadi keseimbangn dalam proses distribusi beras. 
Penelitian ini  mengidentifikasi pola distribusi beras  di BULOG kabupaten 
Pamekasan. agar  mendapatkan metode peramalan yang terbaik berdasarkan pola data 
pendistribusian beras. Selain itu sistem yang di buat juga mampu mendapatkan hasil 
peramalan  periode selanjutnya  sehingga dapat menjadi acuan dalam perencanaan 
strategi pendistribusian yang  diterapkan di Bulog  Kabupaten  Pamekasan.  Dalam 
proses pendistribusian  beras  Penentuan metode  exponential smooting  sebagai 
peramalan yang terbaik  dengan menggunakan data sebelumnya sebagai parameter 
masukan  dilakukan dengan  cara mengukur tingkat kesalahan  peramalan  dari 
penerapan  metode tersebut  dan di ketahui peramalan terbaik berada di  alpha  0.1 
dengan mengidentifikasi nilai Square Error  (SE) dan Percentage Error  (PE). Dapat 
diketahui melalui pencarian nilai rata-rata kesalahan sebesar 3.8%, yaitu menghitung 
Mean Square Error (MSE) dan Mean Absolute Percentage Error (MAPE). 
 
 Kata kunci:  Peramalan Pendistribusian, Exponential Smoothing, Mean Error (MSE) 
Mean Absolute Percentage Error (MAPE) "
138,"Penjadwalan  kuliah  di  Perguruan  Tinggi  merupakan  masalah yang  kompleks.  Dalam  permasalahan tersebut  terdapat  beberapa variabel  yang  harus  dipertimbangkan  supaya  mendapatkan  jadwal  yang 
optimal. Di dalam penyusunan jadwal kuliah ini terdapat sangat banyak kemungkinan  yang  selayaknya  dicoba  untuk  menemukan  penjadwalan yang  terbaik.  Karena  itu  dibutuhkan  metode  optimasi  yang  dapat diterapkan  untuk  mengerjakan  penjadwalan  mata  kuliah  ini.  Metode yang  dapat  digunakan  untuk  menyelesaikan  permasalahan  tersebut adalah  dengan  menggunakan  Algoritma  Genetika.  Tugas  Akhir  ini 
bertujuan  untuk  membuat  suatu  sistem  yang  dapat  membuat  jadwal matakuliah  secara  otomatis  dan  hasilnya  optimal.  Dari  hasil  penelitian yang  dilakukan  algoritma  genetika  mampu  membuat  jadwal  dengan 
optimal  yang  dibuktikan  dari  nilai  fitness  yang memiliki  nilai  1  secara otomatis  jadwal  yang  dibentuk  akan  optimal.  Semoga  adanya  aplikasi ini  diharapkan  bisa  mempermudah  didalam  pembuatan  penjadwalan 
matakuliah dengan mudah dan cepat. 
 
Kata Kunci: Algoritma Genetika, Optimasi,  Penjadwalan."
142,"Pengenalan tulisan tangan merupakan topik penelitian yang sangat populer saat ini. Para peneliti telah banyak melakukan usaha-usaha untuk membuat sistem pengenalan tulisan tangan otomatis dengan berbagai teknik yang berbeda. Penelitian ini membahas pengembangan sistem pengenalan tulisan tangan offline yang menggunakan pencirian lokal dari karakter-karakter tulisan tangan. Salah satu faktor penentu dalam pengenalan tulisan tangan adalah model atau bentuk tulisan tangan dari penulis yang mampu dikenali. Tiap penulis pasti memiliki gaya menulis atau bentuk tulisan tangan yang berbeda. Metode yang digunakan untuk pengenalan pola tulisan tangan pada penelitian ini adalah Modified Direction Feature (MDF) untuk proses ekstraksi fitur dan Learning Vector Quantization (LVQ) untuk proses klasifikasi. Proses ekstraksi fitur pada metode MDF dilakukan dengan cara penentuan arah garis dan posisi  dari tiap-tiap piksel. Sedangkan untuk proses pelatihan data menggunakan  metode Learning Vector Quantization (LVQ), metode ini akan menghasilkan bobot yang akan digunakan untuk proses pengenalan citra huruf tulisan tangan. Dari uji coba yang dilakukan pada sistem, hasil terbaik untuk pengenalan citra huruf tulisan tangan diperoleh dengan jumlah data pelatihan sebanyak 260 citra dan data uji coba sebanyak 52 citra. Hasil akurasi sistem yang didapatkan sebesar 71,15 %.

Kata Kunci: Tulisan Tangan, Modified Direction Feature, Learning Vector Quantization"
156,"Penyusunan Sistem Pendukung Keputusan pemilihan teknik rekayasa kebutuhan dibuat untuk membantu pengembang perangkat lunak dalam membangun sebuah proyek perangkat lunak. Pemilihan teknik rekayasa kebutuhan umumnya berdasarkan pada pilihan system dan analis yang bersangkutan daripada berdasarkan karakteristik teknik rekayasa kebutuhan yang sesuai pada proyek perangkat lunak tersebut. Untuk dapat menghasilkan perangkat lunak yang baik maka proses evaluasi dan pemilihan teknik rekayasa kebutuhan merupakan salah satu tahap yang sangat penting dalam sebuah proyek pengembangan perangkat lunak.
	Didalam SPK ini dilakukan proses pemilihan antara teknik rekayasa kebutuhan dan kriteria atribut project yang diinginkan oleh pengembang perangkat lunak. Selanjutnya dilakukan proses clustering menggunakan metode Self Organizing Map (SOM). Parameter yang digunakan dalam adalah distance matrix karena paling tepat digunakan untuk menangani data multi dimensional. Euclidean dan Canberra adalah jenis distance matrix yang lazim digunakan karena tingkat akurasinya yang baik untuk menangani kasus data riil.
Hasil akhir yang diperoleh yaitu membandingkan hasil clustering menggunakan metode SOM berbasis Euclidean Distance dan Canberra Distance matrix. Sehingga menghasilkan teknik rekayasa kebutuhan yang efisien, obyektif dan sesuai dengan karakteristik proyek perangkat lunak.
Kata Kunci : Sistem Pendukung Keputusan, Teknik Rekayasa Kebutuhan, Clustering, Self Organizing Map, Canberra Distance matrix"
158,"Kegiatan seleksi penerimaan siswa baru di Madrasah Ibtidaiyah Negeri Model Kamal Bangkalan yang telah berjalan masih memiliki kendala, yaitu lamanya proses memilih peserta dari hasil dipertimbangkan menjadi hasil diterima. Proses ini membutuhkan ketelitian dan kehati-hatian sebab peserta yang dipilih harus berkualitas sehingga memenuhi jumlah daya tampung yang ada. Proses ini merupakan penilaian subyektif dari seorang koordinator seleksi penerimaan siswa baru yang dilakukan secara manual. Oleh karena itu untuk memudahkan dan membantu pihak sekolah dalam kegiatan pemilihan penerimaan siswa baru didalam memilih peserta dari hasil dipertimbangkan menjadi diterima sebagai siswa maka perlu dibangun sebuah sistem pendukung keputusan yang terkomputerisasi yang dapat membantu proses penerimaan siswa dengan AHP. Analytical Hirearchy Process (AHP) digunakan untuk perhitungan bobot kriteria. Dari bobot kriteria yang sudah didapat maka dilakukan proses pengurutan peserta yang akan menentukan alternatif yang optimal, yaitu peserta terbaik. Dari hasil analisa diperoleh data perangkingan yang dihasilkan dari tiga kriteria yaitu tes, jarak rumah kesekolah dan usia
Kata kunci: Penerimaan siswa baru, SPK, AHP

"
160,"Pengukuran kinerja adalah proses di mana organisasi menetapkan parameter hasil untuk dicapai oleh program, investasi, dan akusisi yang dilakukan. Dalam pengukuran kinerja perusahaan diperlukan indikator yang jelas sehingga bisa diketahui peningkatan atau penurunan indeks produktivitas yang menjadi tolak ukur perusahaan dalam mengukur kinerjanya. Pengukuran kinerja salah satunya diterapkan pada PT. Preshion Engineering Plastec Surabaya supaya  tetap  dapat menguasai  pasar  dan  mempertahankan  pelanggannya. Dengan menggunakan Performance Prism, metode ini mempertimbangkan semua kebutuhan dan keinginan dari semua stakeholder yang nantinya akan dijadikan dasar untuk menyusun Key Performance Indicators (KPI) kemudian KPI tersebut dibobotkan dengan ANP selanjutnya dilakukan scoring dengan Objective Matrix (OMAX) untuk mengetahui indeks produktivitas dari kinerja perusahaan. Hasil dari penelitian ini adalah dalam mengevaluasi kinerja PT Preshion Engineering Plastec Surabaya didapatkan 6 stakeholder dengan 19 subkriteria atau KPI. Dari 19 KPI tersebut, KPI Profit Growth  mendapatkan bobot normal paling tinggi yaitu 0,05307 dan KPI jumlah rapat bobotnya paling rendah yaitu 0,05262. Indeks produktivitas perusahaan pada tahun 2010 mengalami penurunan sebesar 0,29642 dari tahun 2009. Ini diakibatkan sebanyak 15 KPI pencapaiannya dibawah target. Namun untuk tahun 2011 indeks produktivitas perusahaan mengalami kenaikan dari tahun 2010 sebesar 0,420018."
162,"ABSTRAK

Pemilihan perekomendasian beasiswa untuk siswa terbaik secara periodik menjadi suatu proses yang lama dan rumit. Keputusan seseorang salah karena proses perekomendasian beasiswa berdasarkan nilai raport, dan nilai non akademis. Oleh karena itu diperlukan sistem pendukung keputusan untuk proses pemilihan beasiswa. Sistem pendukung keputusan ini, dapat menentukan nilai perhitungan terhadap semua kriteria. Sistem ini menggunakan metode Simple Additive Weighting (SAW). Metode ini merupakan suatu metode yang mencari penjumlahan terbobot. Pada studi kasus di sekolah Yayasan Sunan Dalem Desa Gumeno ini, terdapat 5 (lima) kriteria yaitu nilai raport, nilai Bahasa Inggris, Prestasi luar sekolah, Ekstrakulikuler dan Kepribadian, setiap alternatif (beasiswa murid) memiliki kriteria-kriteria tersebut. 
Dalam hal menentukan Perekomendasian beasiswa terbaik dilakukan dengan cara menjumlahan bobot dari rating kinerja pada setiap alternatif untuk semua atribut. Nilai yang lebih besar akan mengindikasikan bahwa alternatif lebih terpilih. Pada kasus tersebut metode SAW ini dapat menentukan siswa terbaik berdasarkan nilai tertinggi. Dengan demikian sistem ini mampu menangani perhitungan penilaian penerimaan beasiswa terbaik di SMP Yayasan Pendidikan Sunan Dalem Desa Gumeno sehingga (misal manajer guru/kepala sekolah) tidak mengalami kesulitan dalam menentukan siapa saja siswa yang direkomdasikan oleh sistem untuk mendapatkan beasiswa dengan nilai yang terbaik.

Kata kunci: Beasiswa, Simple Additive Weigting, Rapot, Prestasi"
164,"Penelitian ini membahas tentang perancangan sistem informasi perencanaan produksi dan persediaan bahan baku tinta menggunakan metode EOQ (Economic Order Quantity) di PT. Inktech Indahmulya. Selama ini dalam menjalankan rencana produksi yang ada masih menggunakan perencanaan produksi secara sederhana dan didasarkan pengalaman produksi periode-periode sebelumnya, sehingga perusahaan belum mengetahui apakah rencana produksi yang diterapkan sudah optimal. Untuk dapat menentukan jumlah persediaan barang secara tepat, diperlukan pengetahuan untuk mengetahui berapa jumlah barang yang dibutuhkan tiap periode dengan melakukan peramalan. Metode peramalan yang digunakan adalah metode single exponential smoothing dan metode single moving average, metode ini digunakan untuk melakukan peramalan kebutuhan bahan baku pada periode selanjutnya. Hasil penelitian ini mengkonfirmasikan  untuk menentukan jumlah tinta PMG yang harus diproduksi konsisten menggunakan metode peramalan single exponential smoothing dengan nilai MSE berada pada 0,1. Nilai tersebut digunakan untuk menentukan jumlah material produksi yang dibutuhkan dengan menggunakan metode Economic Order Quantity (EOQ). Dari hasil uji coba sistem ini didapatkan hasil biaya persediaan terendah dan jumlah kebutuhan bahan baku yang  diperlukan untuk periode selanjutnya."
166,"Internet merupakan kebutuhan pokok bagi banyak orang di era informasi. Informasi yang terdapat di internet sangat banyak. Search engine merupakan sistem yang mampu melakukan pencarian dan pengambilan informasi berdasarkan kata kunci yang dimasukkan oleh pengguna. Blog merupakan salah satu penyumbang informasi yang notabene dibuat oleh para blogger. Jumlah blogger di Indonesia semakin bertambah, berbanding lurus dengan jumlah informasi di internet. Dari kondisi tersebut diperlukan mekanisme mempercepat proses pengambilan informasi dari pemilahan blog berdasarkan kategori yang telah ditentukan sebelumnya. Web crawler aplikasi yang berfungsi mengambil informasi yang diperlukan dengan cara menjelajahi halaman situs blog kemudian disimpan dalam database. Proses pengambilan halaman web dilakukan pengecekan bahasa menggunakan regular expression dan daftar stopword untuk tujuh kategori yang ditentukan berdasarkan niche blog : tips dan trik komputer, kuliner nusantara, sepak bola, petualangan indonesia, kesehatan Ibu dan anak, handphone dan gadget, fashion wanita. Niche blog adalah aktivitas blogging yang dilakukan oleh para blogger untuk membuat blog bertopik spesifik. Dengan mengaplikasikan konsep web crawler, penelitian ini mampu menentukan niche blog sesuai dengan tujuh kategori yang telah ditentukan dengan mengujikan 10 kata kunci dan daftar stopword. Dari hasil ujicoba, dapat diambil kesimpulan penggunaan 3 kunci mendapatkan hasil paling maksimal.
Keywords: Niche Blog, Regular Expression, Web Crawler, Search Engine
 "
169,"Penyakit Gagal jantung adalah pembunuh nomer satu pada negara yang sedang berkembang. Seperti halnya di Indonesia dan negara-negara asia pada umumnya, di Amerika pun  penyakit jantung pernah menjadi pembunuh nomer satu. Di seluruh dunia, jumlah penderita penyakit ini terus bertambah. Ketiga  kategori penyakit ini tidak lepas  dari gaya  hidup  yang kurang sehat yang banyak dilakukan seiring dengan berubahnya pola hidup.  Faktor-faktor pemicu serangan 
jantung  ialah  rokok,  mengonsumsi  makanan  berkolest erol  tinggi,  kurang  gerak,  malas berolahraga, stres, dan kurang istirahat.Seiring kemajuan teknologi dibuatlah sistem yang bisa mendiagnosa  penyakit-penyakit  tersebut.  Sistem  ini  yang  nanti  akan  menggantikan  pakar aslinya  dalam  penentuan diagnosa  penyakit.  Sehingga  dengan  sistem  ini  nanti   diharapkan pasien  bisa  mendapatkan  pelayanan  lebih  cepat  dan  akurat.  Sistem  pakar  ini  menggunakan 
metode  Bayesian Network  sebagai acuannya.  Dalam metode ini menggunakan struktur gejala yang saling berkaitan untuk mendiagnosa penyakit. Struktur tersebut ditentukan oleh seorang pakar dibidang jantung. Kemudian ditentukan nilai probabilitas dari setiap gejala berdasarkan keterkaitan antara gejala. Setelah didapatkan semua baru semua nilai dibandingkan dan diambil nilai  terbaik  sebagai  hasil  diagnosa.  Dalam  pengaplikasiannya  sistem  ini  memiliki  akurasi 
sampai lebih dari 80%."
182,"Kantor Badan Kepegawaian kota Bangkalan adalah instansi pemerintahan yang bergerak di bidang pelayanan kepegawaian. Untuk meningkatkan kualitas pelayanan maka perlu adanya sebuah sistem informasi yang mampu memonitoring dan membantu proses kinerja dari dinas tersebut. Oleh karena itu dalam penelitian  ini dibahas bagaimana menerapkan  Architecture Enterprise BKD Bangkalan dengan menggunakkan metode TOGAF ADM dan mengimplementa sikannya kedalam sebuah implementasi aplikasi Enterprise yang akan dibentuk menjadi satu keterpaduan dengan  E-government Bangkalan. TOGAF ADM memiliki empat komponen utama: arsitektur bisnis, arsitektur data, arsitektur teknologi dan arsitektur aplikasi. Intinya TOGAF digunakan untuk membuat Architecture Enterprise dari semua aspek tersebut. Dalam penelitian ini akan dibahas tentang perancangan sistem arsitektur Sistem informasi BKD Bangkalan sebagai sub-sistem dari E-government Bangkalan dengan menggunakan TOGAF ADM tujuannya agar dapat menghasilkan sistem aplikasi administrasi kantor Badan Kepegawaian Daerah  Bangkalan, membuat Blue Print, serta memperbaiki efisiensi, kenyamanan, serta aksesibilitas pelayanan terhadap publik agar  lebih baik. 

Kata Kunci: Arsitektur interprise, TOGAF ADM, Arsitektur bisnis, Arsitektur data, Arsitektur aplikasi, Arsitektur teknologi
"
190,"ABSTRAK

Kondisi keterbatasan sumber daya air di Kabupaten Sumenep saat ini dapat menjadi kendala dalam pengembangan wilayah yang nantinya berdampak pada perubahan guna lahan, peningkatan kebutuhan air sangat meningkat dikarenakan perkembangan penduduk dan kegiatan sosial-ekonomi yang bermunculan dan berkembang pesat pasca selesainya proyek pembangunan jembatan Suramadu. Atas dasar tersebut, maka penelitian ini perlu dilakukan untuk memilih lahan yang ada sehingga nantinya dapat digunakan untuk pengelolaan sumber air. Penelitian ini bertujuan untuk menentukan pemilihan area paling sesuai untuk menetapkan lahan guna kepentingan pengelolaan sumber air. Metode yang digunakan dalam penelitian ini adalah metode electre, yang mana metode ini merupakan metode pengambilan keputusan yang nantinya di implementasikan kedalam sistem informasi berbasis website sehingga dalam penggunaannya menjadi lebih mudah untuk dipahami dan di operasikan. Dalam sistem informasi tersebut dilengkapi penggunaan google maps sehingga dapat lebih mempermudah user dalam mendapatkan info dari sebuah area lahan yang diseleksi.

Kata Kunci : electre, lahan, sistem informasi, google maps.
"
202,"Dengan prediksi yang baik, dapat dibuat rencana kerja perusahaan lebih efektif dan efisien. Semakin banyak orang menggunakan Komputer  maka jumlah permintaan konsumen pada Asesoris komputer secara otomatis penjualannya juga akan meningkat. Oleh karena itu dibutuhkan sistem yang dapat memprediksi jumlah penjualan tiap minggunya agar perusahaan mendapatkan keuntungan yang maksimal. Untuk meramalkan pejualan Asesoris komputer Digunakanlah metode peramalan Single Exponential Smoothing (SES) dan metode Oldinary Least Square (OLS). Hasil peramalan tersebut akan dihitung  dan dibandingkan menggunakan Mean Square Error (MSE) untuk mendapatkan hasil error yang terkecil dan peramalan terbaik. Dari beberapa hasil tes perhitungan peramalan yang telah dilakukan dapat diambil kesimpulan bahwa proses peramalan penjualan asesoris komputer menggunakan metode Single Exponential Smoothing (SES) dan Oldinary Least Square (OLS) cukup baik diterapkan untuk studi kasus di SKY DISK Surabaya. Dengan mendapatkan rata-rata MSE sebesar 5257.5 dan rata-rata MAPE sebesar 0.9463%."
206,"Beasiswa  indentik  dengan  penghargaan yang  diberikan  kepada  pelajar/santri  berprestasi dalam  studi  yang  ditempuhnya.  IKSASS dalam  menumbuhkan  dan  meningkatkan semangat  santri  untuk  berprestasi dilakukan  dengan  memberikan  penghargaan  berupa  beasiswa  tiap  semester. Proses  seleksi  calon penerima beasiswa di Ikatan Santri Alumni Salafiyah Syafiiyah (IKSASS) Rayon Kabupaten Bangkalan dilengkapi  dengan  berbagai  kriteria. Seperti ekonomi keluarga, tanggungan keluarga, status orang tua dan lain-lain. Hal tersebut perlu  diperhatikan  dalam  perhitungan  penilaian  terhadap  kriteria  dan harus benar-benar relevan karena pada dasarnya akan berpengaruh pada hasil akhirnya. Dengan menggunakan Sistem Pendukung keputusan, calon penerima beasiswa menggunakan metode SMARTER inferensi Forward Chaining yang akan dibuat, hasil yang  didapat  telah  memenuhi  kriteria  yang  diinginkan  pihak IKSASS. Selain itu penggunaaan Forward Chaining efektif digunakan untuk mengantisipasi kesamaan hasil perankingan. Sehingga proses seleksi calon penerima beasiswa IKSASS rayon bangkalan tepat sasaran.

Kata kunci : sistem pendukung keputusan, Simple Multi-Atribute Rating  Technique Exploiting Rank (SMARTER), Forward Chaining.
"
216,"Sistem pengenalan wajah adalah suatu sistem untuk mengenali identitas diri dari seseorang melalui wajah manusia. Teknologi ini mengidentifikasi bagian tubuh manusia yang unik dan tetap seperti wajah manusia. Hal khusus di bidang identifikasi dan pengenalan wajah manusia memanfaatkan pengolahan dan juga analisis citra wajah, yang akan berperan penting dalam proses pengenalan wajah manusia. Sistem ini dapat di manfaatkan dalam suatu sistem keamanan di bidang biometrika. Pada penelitian ini telah di bangun suatu perangkat lunak pengenalan citra wajah manusia menggunakan metode Two Dimensional Linear Discriminant Analysis (2DLDA) untuk menentukan karakteristik dari wajah manusia. Sedangkan pada tahap pengklasifikasian digunakan metode Angular Separation untuk mengukur kemiripan antara data pelatihan (training) dan data uji coba (testing). Melalui proses testing gambar wajah ini dapat di ketahui identitas diri dari seseorang. Dari uji coba aplikasi menggunakan klasifikasi Angular Separation di peroleh akurasi pengenalan benar sebesar  94.5%, pada  lima pose citra wajah pelatihan  dan lima pose citra wajah uji coba (testing) dengan jumlah data masing - masing dua ratus citra wajah manusia yang di ambil dari database ORL dengan menggunakan sepuluh eigen.

Kata kunci : Sistem pengenalan wajah, Two Dimensional Linear Discriminant Analysis, Angular Separation.
"
223,"ABSTRAK
Obat merupakan salah satu kebutuhan penting dalam rumah sakit. Selama ini, kebutuhan pengumpulan data obat adalah masalah yang sering dihadapi oleh Farmasi yang memiliki kewenangan dalam pengadaan obat-obatan di rumah sakit Syarifah Ambami Rato Ebu Kabupaten Bangkalan. Dalam rangka menjamin ketersediaan obat perlu untuk mempersiapkan kebutuhan obat sesuai dengan jumlah yang dibutuhkan. Dalam rangka memenuhi tingkat kebutuhan obat tersebut,  perlu untuk meramalkan masa depan terkait jumlah ketersediaan obat yang dibutuhkan dengan menggunakan data sebelumnya.Data tersebut digunakan  bertujuan untuk menentukan nilai kesalahan dan keakuratan pelatihan dari metode yang digunakan. Dalam penelitian ini, metode yang akan digunakan untuk memprediksi kebutuhan obat adalah Jaringan Syaraf Tiruan menggunakan algoritma Backpropagation dengan inisialisasi bobot awal Nguyen Widrow. Dengan penambahan metode Nguyen Widrow ini, sistem mampu memecahkan masalah yang terjadi dalam Backpropagation standar yang lambat untuk mencapai konvergensi. Dari pengujian yang dilakukan dengan 3 Skenario yaitu perubahan Epoch, Learning rate dan Momentum, serta perubahan Jumlah input layer dan Hidden layer  pada nama obat ACLAM 500 MG KAPLET/BTL 1 didapatkan hasil parameter terbaik untuk melakukan peramalan yaitu dengan jumlah epoch 30 nilai Learning Rate 0.9 dan Momentum 0.8 serta jumlah input layer 4 dan Hidden layer 4 yang menghasilkan MSE (Mean Seaquare Error) 0, 003.

Kata Kunci: Peramalan, Jaringan Syaraf Tiruan, Backpropagation, Nguyen Widrow, kebutuhan obat.
"
226,"Batik adalah kerajinan yang memiliki nilai seni tinggi dan telah menjadi bagian dari budaya Indonesia sejak lama. Batik di Indonesia mempunyai beragam jenis tekstur batik, warna batik, dan pola batik yang mencerminkan asal usul daerah dari batik tersebut. Saat ini pencarian citra berbasis teks sudah tidak efektif lagi karena adanya penilaian subjektif dari pengguna dalam merepresentasikan suatu citra. Karena itu diperlukan suatu sistem yang dapat menangani pencarian citra menggunakan query berupa citra atau disebut Sistem Perolehan Citra berbasis Isi (SPCI) atau Content Based Image Retrieval (CBIR). Penelitian  ini menggunakan ciri tekstur sebagai proses pencarian kemiripan dari delapan kelas citra batik yang  berbeda yaitu: Cirebon, Bali, Bangkalan, Pamekasan, Sumenep, Yogyakarta, Solo, dan Pekalongan sebagai objek perolehan citra berbasis isi. Sistem dibangun dengan proses utamanya yaitu ekstraksi fitur tekstur dengan menggunakan metode Gray Level Difference Method (GLDM) menggunakan empat arah utama. GLDM menghitung perbedaan mutlak antara sepasang derajat keabuan yang terpisah oleh jarak dan arah tertentu. Hasil ekstraksi fitur dilakukan pengukuran jarak kemiripan menggunakan metode Euclidean Distance. Dari uji coba aplikasi menggunakan pengukuran kemiripan Euclidean Distance dengan nilai threshold=7 diperoleh akurasi presisi sebesar  61%  pada data pelatihan 168 dan data uji coba 32 dengan 10 citra yang ditampilkan. "
236,"Pengenalan tulisan tangan adalah salah satu cabang dari pengenalan pola. Carakan merupakan tulisan yang cukup kompleks dan memiliki karakteristik yang lebih unik dibandingkan dengan tulisan latin, apalagi bila ditulis dengan tulisan tangan. Faktor yang menyebabkan proses pengenalan tulisan carakan sulit untuk dilakukan adalah variasi bentuk tulisan carakan dan memiliki kemiripan antar huruf. Hal ini memungkinkan adanya kesalahan dalam proses klasifikasi. Pada penelitian ini dibangun sistem pengenalan tulisan tangan secara real time dimana proses ekstraksi ciri menggunakan metode Dominant Point untuk mendapatkan ciri pada setiap karakter masukan. Metode ini pada dasarnya sistem akan membaca arah goresan pena yang didasarkan pada kumpulan titik. Pada proses klasifikasi serta pengenalan karakter menggunakan Fine Classification. Pada proses ini, pengenalan dilakukan dengan tiga tahap yaitu penilaian prakandidat, menyeleksi kandidat, lalu pencocokan karakter. Proses ini yang membuat sistem dengan cepat melakukan proses pengenalan. Dari uji coba yang dilakukan pada sistem, hasil terbaik untuk pengenalan citra huruf tulisan tangan carakan diperoleh dari data pelatihan sebanyak 600 citra pada data uji coba skenario ke 3 dengan akurasi sebesar 90%. Sedangkan hasil terendah diperoleh dari data pelatihan sebanyak 200 citra pada data uji coba skenario ke 1 dengan akurasi sebesar 40%. Hasil akurasi rata-rata dari sembilan skenario adalah sebesar 67,67%.

Kata kunci: Handwriting Recognition, Carakan, Dominant Point,  Fine Classification."
238,"Penyusunan Sistem Informasi Dinas Perindustrian & Perdagangan (DISPERINDAG) Kabupaten Bangkalan dibuat untuk meningkatkan kualitas pelayanan dan membantu proses kinerja dari dinas tersebut. Salah satu faktor pendorong pemanfaatan sistem informasi yang lebih baik adalah semakin meningkatnya kebutuhan fungsi pelayanan yang dijalankan. Tujuan dari penerapan Arsitektur Enterprise adalah menciptakan keselarasan antara bisnis dan teknologi informasi bagi kebutuhan instansi, penerapan arsitektur enterprise tidak terlepas dari bagaimana sebuah instansi merencanakan dan merancang arsitektur enterprise tersebut. TOGAF ADM merupakan metodologi yang lengkap, banyak instansi yang tidak memahami secara jelas tentang tahapan – tahapan dari metodologi tersebut diterjemahkan ke dalam aktivitas perancangan Arsitektur Enterprise. Tahapan dalam perancangan Arsitektur Enterprise sangatlah penting dan akan berlanjut pada tahapan berikutnya yaitu rencana implementasi. TOGAF ADM memiliki empat komponen utama: arsitektur bisnis, arsitektur data, arsitektur teknologi dan arsitektur aplikasi. Pada intinya TOGAF digunakan untuk membuat Arsitektur Enterprise dari semua aspek tersebut yang menghasilkan model dan kerangka dasar dalam mengembangkan sistem informasi yang terintegrasi untuk mendukung kebutuhan Dinas Perindustrian & Perdagangan sesuai dengan Peraturan Bupati Bangkalan Nomor 38 Tahun 2010 Tentang Uraian Tugas Jabatan Struktural pada Dinas Perindustrian dan Perdagangan."
241,"ABSTRAK
Pencatatan laporan mengenai pemesanan, penjualan, harga, tingkat, persediaan dan lain sebagainya adalah komponen dari sistem informasi yang penting dan paling dasar yang digunakan oleh para manajer perusahaan. Karena dengan hal ini para manajer pemasaran dapat menemukan masalah yang penting yaitu dengan cara menganalisisnya. Penelitian ini membahas penerapan algoritma Fuzzy C-Means, dalam penelitian yang dilaksanakan di Depot Pertamina Camplong bertujuan untuk mengidentifikasikan pola dari data penjualan BBM. Pengujian dilakukan pada dua jenis BBM, yaitu BBM jenis Premium dan BBM jenis Solar.Clustering merupakan metode pengelompokan suatu objek kedalam sejumlah kelompok (cluster) yang sesuai. Prinsip clustering adalah meminimumkan kesamaan antar anggota satu cluster dan memaksimalkan kesamaan antar anggota cluster yang berbeda. Fuzzy C-Means merupakan teknik pengclusteran dimana tiap-tiap data ditentukan oleh derajat keanggotaannya. Semakin besar nilai derajat keanggotaan data dalam suatu cluster maka semakin besar pula data tersebut menjadi anggota cluster tersebut.Hasil clustering kemudian diproses atau dievaluasi menggunakan Sum Squared Error (SSE) diaman sebelumnya harus diketahui niai pusat cluster guna mengetahui cluster yang mana yang memiliki nilai error yang terkecil. 

Kata Kunci : Pengelompokkan data, Fuzzy C-Means(FCM), Sum Squared Error (SSE)
"
246,"Di Indonesia masalah perkembangan gizi adalah masalah yang
perlu perhatian lebih. Jika seseorang tidak mengetahui tentang status
gizinya, maka tidak akan dapat mengontrol berapa banyak jumlah gizi
yang dibutuhkan dalam tubuh. Dalam penelitian ini dirancang aplikasi
sistem pendukung keputusan yang digunakan untuk menentukan status
gizi pasien dan memberikan solusi makanan pada pasien sesuai riwayat
penyakit yang di derita pasien. Sistem yang dirancang ini berbasis Web,
dan memudahkan pihak admin atau ahli gizi rumah sakit dalam
penentuan status gizi pasien. Diharapkan dengan adanya aplikasi ini
dapat memberikan efisien dan efektifitas kinerja setiap pihak.
Metode yang digunakan dalam penelitian ini menggunakan
Naïve Bayes Classifier (NBC). Metode terbaru yang di gunakan untuk
memprediksi probabilitas.Metode Naïve bayes Classifier melakukan
proses penentuan perhitungan probabilitas status gizi. Dimana dicari
nilai probabilitas terbesar yang kemudian menjadi kesimpulan
penentuan status gizi.
Metode ini dapat diterapkan dalam studi kasus Sistem
Penentuan Status Gizi Pasien dengan hasil akurasi terbesar 92%.
Kata Kunci : Naïve Bayes Classifier, Sistem Pendukung Keputusan,
Status Gizi, Web"
250,"Perkembangan game yang semakin pesat, memberikan berbagai alternative bagi peminatnya. Mulai dari bentuk game, cerita maupun media penyajian. Keberadaan game yang menggambarkan budaya Indonesia khususnya daerah kepulauan seperti Madura terhitung sedikit, sehingga dapat dirasa semakin lunturnya kebudayaan Indonesia bagi anak bangsa. Adanya peminat game yang semakin banyak dapat digunakan sebagai sarana pengenalan budaya asli Madura. Sebuah aplikasi game tentang olahraga yang sangat digemari di pulau Madura tersebut seperti Kerapan Sapi adalah sangatlah penting. Untuk itu perlu dibangun aplikasi game kerapan sapi sebagai upaya pelestarian budaya bangsa khususnya pulau Madura. Dengan upaya pembuatan game budaya maka dibangun  game perawatan sapi karapan menggunakan metode logika fuzzy (fuzzy logic), dengan menginputkan parameter kekuatan dan kesehatan sapi karapan untuk menentukan harga jual sapi karapan dalam sebuah game perawatan sapi karapan.
Kata kunci : game, kerapan sapi, perawatan sapi kerapan, budaya madura."
254,"Batik merupakan seni yang paling penting dalam kehidupan masyarakat Indonesia. Keanekaragaman batik datang dari beberapa wilayah dan provinsi sehingga menyimbolkan karakteristik ciri pola batik yang berbeda-beda dari masing-masing daerah tempat batik tumbuh dan berkembang. Tugas akhir ini telah berhasil membuat suatu Sistem Perolehan Citra berbasis Isi (SPCI) dengan ciri tekstur yang bertujuan untuk mengetahui ciri dari pola batik tersebut. SPCI merupakan metode atau teknik pencarian gambar citra yang mirip (similar) dengan melakukan perbandingan antara citra query dengan citra yang ada dalam basis data. Pada penelitian  ini menggunakan ciri tekstur sebagai proses pencarian kemiripan dari delapan wilayah citra batik yang  berbeda yaitu: Cirebon, Bali, Bangkalan, Pamekasan, Sumenep, Yogyakarta, Solo, dan Pekalongan sebagai obyek perolehan citra berbasis isi. Sistem dibangun dengan proses utamanya yaitu ekstraksi fitur tekstur dengan menggunakan metode Gray Level Run Length Matrix (GLRM). GLRM dilakukan dengan membuat rangkaian pasangan nilai (i,j) pada setiap baris piksel dengan arah tertentu. Hasil ekstraksi fitur selanjutnya dilakukan pengukuran jarak kemiripan menggunakan metode Euclidean Distance. Dari uji coba aplikasi menggunakan pengukuran kemiripan Euclidean Distance dengan nilai threshold=145 diperoleh akurasi presisi sebesar  0.53  pada data pelatihan 184 dan data uji coba 16 dengan jumlah citra yang ditampilkan 10. 

Kata Kunci: Tekstur, Sistem Perolehan Citra berbasis Isi, Gray Level Run Length Matrix, Euclidean Distance
"
256,"Penjadwalan mata kuliah di program studi Teknik Informatika Universitas Trunojoyo Madura dilakukan pada setiap pergantian semester. Beberapa faktor yang mendukung penjadwalan mata kuliah antara lain dosen, mahasiswa, mata kuliah, serta jumlah ruang dan waktu yang tersedia. Permasalahan optimasi penjadwalan merupakan masalah yang sudah umum dan telah dipelajari dalam waktu yang lama, namun perlu dicari metodologi atau pendekatan teknis dan sampai saat ini telah berkembang beberapa solusi alternatif yang ditawarkan. Dalam penelitian ini digunakan algoritma Particle Swarm Optimized (PSO) utnuk melakukan optimasi pada jadwal kuliah. Karena algoritma PSO memiliki tool-tool yang cukup handal dengan penggunaan yang cukup mudah. Hasil penelitian menunjukkan bahwa algoritma Particle Swarm Optimiztion dapat diterapkan  dengan lebih baik pada optimasi penjadwalan mata kuliah dengan memaksimalkan penggunaan parameter-parameter dari algoritma Particle Swarm Optimiztion yaitu apabila nilai w besar maka untuk mengoptimalkan nilai velocity gunakan nilai kecil pada c1 dan c2, begitu juga sebaliknya bila nilai w kecil maka gunakan nilai besar pada c1 dan c2."
264,"Deteksi manusia merupakan  suatu aplikasi yang berfungsi untuk mendeteksi objek manusia dalam sebuah citra. Beberapa keuntungan yang dapat diambil dari kajian ini, yaitu penerapan pada video pengawasan. Namun, dalam video pengawasan manusia yang dideteksi dalam keadaan bergerak. Sedangkan aplikasi ini, hanya mendeteksi atau menemukan objek manusia dari background sebuah citra. Sehingga dalam proses pembuatan aplikasi ini diperlukan perhitungan – perhitungan khusus untuk mendapatkan hasil yang baik. Penelitian ini menggunakan dua tahap yaitu proses ekstraksi fitur dan klasifikasi. Proses ekstraksi fitur menggunakan metode Histogram Of Oriented Gradients (HOG). Pada prinsipnya HOG menggunakan histogram untuk memperoleh ekstraksi fitur tersebut, dengan  beberapa langkah diantarnya yaitu konversi citra, gradient compute dan normalisasi. Sedangkan pada metode Naive Bayes Classifier ini di gunakan untuk proses pengklasifikasian atau pencocokan citra. Sehingga pada hasil akhir dapat diketahui kelas citra yang telah diuji. Berdasarkan uji coba aplikasi menggunakan perhitungan distribusi gaussian probabilitas pada naive bayes classfier dengan nilai threshold = 12,13,14 dan 15 pada skenario 1, 2 dan 3 diperoleh rata – rata akurasi sebesar 68,65%.

Kata kunci : Histogram Of Oriented Gradient, Naive Bayes Classifier
"
268,"Multimedia merupakan perpaduan antara berbagai media yang berupa teks, gambar, grafik, sound, animasi, video, interaksi, dan lain lain yang dikemas menjadi file digital, digunakan untuk menyampaikan pesan kepada publik. Media  pembelajaran  interaktif merupakan segala  sesuatu yang menyangkut Software  dan Hardware yang  dapat  digunakan  sebagai  perantara untuk  menyampaikan  isi  materi  ajar  dari  sumber  belajar  ke  pembelajar  dengan metode  pembelajaran  yang  dapat  memberikan  respon  balik  terhadap  pengguna dari apa yang telah diinputkan kepada media tersebut. Kualitas  media  pembelajaran  dapat  dinilai  melalui  ukuran-ukuran  dan  metode-metode tertentu. Tujuan penelitian ini adalah membuat sebuah media pembelajaran sorting yang dapat diputar pada komputer. Perangkat lunak yang digunakan untuk mengimplementasikan sistem menggunakan Flash dan diaplikasikan pada media pembelajaran Sorting serta pada materi pengantar algoritma. Dengan menggunakan skenario sebelum video dan program dibuat sehingga perancangan media pembelajaran ini terstruktur dan sistematis. Inteface yang dibuat berisi menu pilihan materi tentang algoritma dan Sorting serta Video pembelajaran yang dapat menambah dan membantu pemahaman materi algoritma serta sorting yang didalamnya mencakup materi Insertion Sort dan Merge sort. Dalam video tersebut juga dilengkapi animasi sebagai contoh sesuai materi pembelajaran yang dibuat.
Kata Kunci :	Media Pembelajaran, Video, Flash, Sorting
"
270,"Obat merupakan salah satu kebutuhan penting dalam rumah sakit. Selama ini, kebutuhan pengumpulan data obat adalah masalah yang sering dihadapi oleh Farmasi yang memiliki kewenangan dalam pengadaan obat-obatan di rumah sakit Dr H. Slamet Martodirdjo Pamekasan. Dalam rangka menjamin ketersediaan obat perlu untuk mengatasi kebutuhan obat sesuai dengan jumlah yang dibutuhkan. Dalam rangka memenuhi tingkat kebutuhan untuk obat perlu untuk meramalkan masa depan pasokan obat dengan menggunakan data sebelumnya sebagai data untuk menentukan nilai kesalahan pelatihan metode yang digunakan. Dalam penelitian ini, metode yang akan digunakan untuk memprediksi kebutuhan obat adalah Jaringan Syaraf menggunakan algoritma Backpropagation dengan penambahan fungsi Lyapunov. Dengan penambahan fungsi ini, mampu memecahkan masalah yang terjadi dalam Backpropagation standar sering lambat untuk mencapai konvergensi.
Dari uji coba yang dilakukan dengan 3 Skenario didapatkan hasil parameter terbaik untuk melakukan peramalan pada nama obat Ambroxol dengan  nilai (?) sebesar 13, learning rate 0.4 dan epoch=125 memperoleh  nilai MAPE  2.7% .  Obat Bisoprolol Tab 5mg dengan nilai (?) sebesar 2,  learning rater  0.5 dan epoch 150 memperoleh nilai MAPE  2,94089%.  Obat Cefixime Caps 100mg dengan  nilai (?) sebesar 4, learning rate   0.2  dan epoch 100  memperoleh nilai MAPE  1,10466%.
"
272,"KB adalah singkatan dari Keluarga Berencana. Menurut Kamus besar Bahasa Indonesia (1997), KB adalah “Gerakan untuk membentuk keluarga yan sehat dan sejahtera dengan mengatur kehamilan”. Dengan kata lain KB adalah perencanaan jumlah keluarga. Pengaturan bisa dilakukan dengan penggunaan alat-alat kontrasepsi atau penanggulangan kehamilan seperti pil, suntik, IUD, dan sebagainya. Jumlah anak di anggap ideal adalah dua anak.Dalam proses penentuan pemilihan alat kontrasepsi tersebut memerlukan  Metode peramalan yang digunakan dalam sistem ini adalah metode Naïve bayes classifer untuk menghitung jumlah ketepatan dalam menentukan pilihan alat kontrasepsi. Aplikasi sistem pendukung keputusan dengan Naïve bayes classifer dapat dijadikan solusi untuk menentukan alat kontrasepsi, Nilai konfigurasi parameter untuk sistem pendukung keputusan dengan menggunakan Naïve bayes classifer.

Kata Kunci : Alat Kontrasepsi, Sistem Pendukung Keputusan,  Naïve bayes classifer
"
282,"Kamus pada perangkat selular lebih praktis dibandingkan dengan kamus cetak konvensional, karena pengguna dapat menerima informasi dengan cepat dimana saja tanpa adanya batasan ruang dan waktu. Kamus dapat memberikan informasi dan juga dapat dijadikan suatu media untuk belajar memahami istilah atau arti kata bahasa asing ataupun bahasa suatu daerah sehingga menambah pengetahuan dan wawasan.
Madura sebagai salah satu daerah di Indonesia yang memiliki adat bahasa yang khas. Selain itu, keaneka ragam budaya yang ada di Madura menjadi daya tarik wisatawan untuk berkunjung ke Pulau Madura. Ketrampilan berbahasa sangat dibutuhkan untuk mempermudah berkomunikasi dengan masyarakat madura. 
Penulis menggunakan Android sebagai platform media aplikasi ini karena android berbasis open source. Kebutuhan akan informasi sangat penting dan semakin luas pengetahuan pengguna akan bahasa daerah khususnya bahasa Madura dapat terpenuhi serta tidak terbatas ruang dan waktu karena kamus Madura ini diimplementasikan pada perangkat selular yang menggunakan sistem operasi Android versi 2.3 Ginggerbread. Aplikasi kamus mobile bahasa Indonesia Madura berbasis android ini dirancang agar pengguna dapat menambah wawasan dan mengetahui kata-kata dasar bahasa Madura dengan mengakses langsung dari perangkat selular mereka tanpa harus mencari pada kamus cetak konvensional atau menggunakan kamus online.

Kata kunci : Android, Kamus, Indonesia – Madura
"
284,"Perusahaan pemerintah maupun swasta mempunyai tujuan yang harus dicapai. Pencapaian tujuan perusahaan dapat dilakukan dengan pemanfaatan sumber daya yang dimiliki secara optimal, salah satu sumber daya tersebut adalah sumber daya manusia yang dimiliki oleh perusahaan. Sesuai dengan peraturan yang telah ditetapkan PT. Surya Madistrindo Pamekasan dalam melakukan proses promosi jabatan, maka diperlukan kriteria-kriteria seperti aspek kapasitas intelektual, aspek sikap kerja, dan aspek perilaku yang masing-masing mempunyai sub kriteria tersendiri. Metode yang digunakan adalah metode Fuzzy Analytic Network Process (FANP). Metode FANP sendiri digunakan untuk mencari bobot prioritas kepentingan dari seluruh kriteria dan sub kriteria yang telah ditetapkan dan sebagai proses perangkingan atas bobot kriteria masing-masing data karyawan. Pembobotan diperoleh dari hasil kuesioner yang dilakukan oleh pimpinan perusahaan. Proses perangkingan dilakukan dengan cara mengalikan nilai bobot dari kriteria ke tiap-tiap sub kriteria sehingga mampu menyeleksi karyawan yang berhak menduduki jabatan yang tersedia berdasarkan kriteria-kriteria yang ditentukan. Dari hasil uji coba dalam menyelesaikan studi kasus proses promosi jabatan karyawan menghasilkan nilai akurasi sebesar 80%.


Kata kunci 	: 	Sistem Pendukung Keputusan, Promosi Jabatan,  Fuzzy Analytic Network Process (FANP)
"
286,"Jumlah dokumen berita di situs web universitas semakin banyak dan up-to-date. Kebutuhan pengunjung akan informasi tersebut semakin tinggi, sedangkan di sisi lain pengguna membutuhkan penemuan informasi yang cepat dan akurat. Penelitian ini menggunakan metode cosine similarityuntuk menghitung kemiripan antar dokumen. Selain itu agar pencarian dokumen mudah ditemukan, maka dokumen diklasifikasikan berdasarkan pada kelas-kelas yang sudah ditentukan sebelumnya (preedefined) menggunakan metode k-NN (k-nearest neighbour). Untuk mempercepat penyampaian hasil pencarian kepada pengguna maka pada aplikasi ini digunakan teknik caching terhadapdokumen-dokumen yang pernah dikembalikan sebelumnya kepada pengguna. Teknik ini dimaksudkan untuk meningkatkan transfer dokumen dengan menyimpan dokumen yang pernah diakses pada cache tersebut, sehingga apabila ada dokumen yang ingin diakses adalah dokumen yang sama maka akses akan dapat dilakukan lebih cepat. Hasil pengujian memperlihatkan bahwa akurasi klasifikasi k-NN untuk dokumen teks berita mampu mencapai 95% saat dokumen diwakili oleh judul dan paragraf pertama (k=20, 25 dan 45) tetapi hanya maksimal 40% saat dokumen diwakili oleh judul dan isi lengkap. Adanya klasifikasi terbukti meningkatkan presisi hasil pencarian dan mempersingkat proes pencarian tersebut. Kehadiran cachemenjadikan waktu pemrosesan query yang telah ada sebelumnya menjadi jauh lebih cepat, rata-rata hanya memerlukan 7 mili detik.

Kata kunci : k-Nearest Neighbour,cosine similaity, cache.
"
288,"
Penyeleksian siswa baru adalah suatu hal yang perlu ditentukan secara tepat dan tepat. Dalam hal penentuan calon siswa baru diperlukan beberapa pertimbangan yang cukup banyak dan rumit yaitu standarisasi nilai, persyaratan masuk sekolah serta kebijakan-kebijakan dari pemerintah lembaga pendidikan  yang sering berubah tiap tahunnya. Maka dari itu perlu untuk merancang sebuah aplikasi untuk membantu panitia penerimaan siswa baru dalam menyeleksi siswa baru. Sehingga nantinya memperoleh siswa yang unggul, berprestasi, dan berkualitas. Decision Tree Learning merupakan satu metode learning yang sangat populer dan banyak digunakan secara praktis. Algoritma Iterative Dychotomizer 3 (ID3) yaitu salah satu metode yang dapat membangun pohon keputusan secara top-down dengan menggunakan information gain sebagai alat ukur efektivitas suatu atribut dalam mengklasifikasikan kumpulan sampel data yang kurang lengkap. Pembuatan tugas akhir ini menghasilkan system pendukung keputusan penerimaan siswa baru yang membantu para panitia dalam menyeleksi para peserta siswa baru. Sistem Pendukung Keputusan Penerimaan Siswa Baru di SMA Hidayatun Najah Pamekasan dapat menentukan calon siswa yang unggul dan berkualitas dalam bidang pendidikan dengan hasil yang lebih baik, cepat dan akurat.

Kata Kunci : Decision Tree Learning,Information Gain , Algoritma Iterative Dychotomizer 3 (ID3)"
294,"Penyakit gagal jantung merupakan salah satu darimacam-macam penyakit jantung, pada penderita gagal jantung, detakanjantungnya tidak berjalan secara normal, dalam melakukan aktivitas normal penderita cenderung mudah lelah, Penyebabnya adalah rusaknya otot jantung serta karena adanya beban jantung yang berlebihan, pada saat ini penderita penyakit gagal jantung tiap tahunnya semakin meningkat, dan lebih cenderung mengenai laki-laki daripada perempuan. Oleh karena itu, perkembangan teknologi informasi dan komunikasi menjadi media utama untuk menjembatani permasalahan tersebut. Di bidang medis, peranan teknologi informasi dan komunikasi dikemas dalam suatu wadah informatika medis, sehingga dibuatlah sebuah sistem pakar penyakit gagal jantung yang nantinya diharapkan bisa bermanfaat untuk mengetahui lebih dini penyakit gagal jantung, sehingga dapat ditangani lebih cepat dan mengurangi resiko meninggal dunia, dalam hal ini aplikasi untuk mendiagnosa penyakit gagal jantung menggunakan metode Radial Basis Function, dengan penentuan hidden node menggunakan K-Means Cluster, metode K-Means digunakan karena ketepatan penentuan nilai centroid yang akurat, fungsi aktivasi yang digunakan pada penelitian ini hanya menggunakan fungsi aktivasigaussian, inputan terdiri dari 16 variabel, berdasarkan keluhan dan gejala-gejala yang dialami oleh pasien, data training dan data testing yang digunakan berasal dari rekammedik Rumah Sakit Umum DaerahSidoarjo. Kata Kunci : Radial Basis Function, K-Means, Gaussian"
302,"Citra senyum merupakan salah satu fitur biometrik yang dapat dijadikan sebagai bukti autentik dari seseorang. Sistem pengenalan pola (pattern recognition) secara komputerisasi, akan mengetahui identitas atau ciri diri seseorang. Pengenalan senyum telah banyak diteliti oleh banyak kalangan. Salah satu bentuk penerapan pengenalan pola senyum ini adalah mengetahui senyum seseorang sehingga nantinya senyum tersebut dapat dikenali oleh komputer dan disimpan dalam database. Terdapat dua cara untuk menentukan pola senyuman yaitu secara manual dan otomatis. Secara manual dapat dilakukan dengan kasat mata, sedangkan secara otomatis dapat di tentukan dengan menggunakan suatu sistem. Pada  Tugas Akhir ini, mengidentifikasi senyuman secara otomatis digunakan metode Principal Component Analysis (PCA) dan Linier Descriminant Analysis (LDA), dimana jenis senyuman pada tugas akhir ini dibagi menjadi lima bagian, yaitu senyum manis, senyum mengejek, senyum yang dipaksakan, senyum tertutup dan senyum terbuka. Penggunaan metode ekstraksi fitur  yang tepat dan efisien  sangat menentukan keberhasilan dari sistem pengenalan pola secara keseluruhan. Untuk metode klasifikasi pengenalan pola menggunakan Euclidean Distance atau Manhattan Distance. Dari hasil uji coba menggunakan 175 gambar data pelatihan didapatkan tingkat akurasi PCA adalah 89.8% pada ordered3. Sedangkan hasil uji coba menggunakan PCA & LDA didapatkan tingkat akurasi 100% pada ordered3."
308,"Optical Font Recognition (OFR) merupakan  teknik analisa tipe tulisan pada teks atau dokumen yang sangat diminati. Penelitian ini menguji keefektifan penggunaan analisa ekstraksi fitur global berdasarkan analisa statistik pada perilaku piksel tepi citra biner OFR. Salah satu metode OFR berdasarkan pendekatan global adalah Edge Direction Matrix (EDM).  EDM merupakan sebuah metode baru pada ekstraksi fitur untuk citra biner dimana perilaku piksel tepi antara background putih dan pola hitam diambil sebagai fitur pola. Kemudian nilai tersebut disimpan pada matrik EDM1 dan EDM2  sesuai dengan delapan arah sudut. Dari nilai matrik yang terbentuk kemudian akan dihitung berdasarkan enam persamaan EDM sehingga membentuk 22 nilai fitur. Dalam hal ini dataset yang digunakan untuk pengujian berjumlah 1200 data citra yang berasal dari empat aksara kuno yang ada di Indonesia yaitu Aksara Carakan, Aksara Batak Toba, Aksara Had Lampung dan Aksara Kaganga. Setiap aksara mempunyai empat style font yaitu Bold, Bold-Italic, Italic dan Regular. Penelitian ini menggunakan metode Euclidean Distance dalam proses klasifikasi dan pengenalan tipe tulisan sehingga mendapatkan hasil akurasi pengenalan tertinggi mencapai 83,7% pada skenario ke 5 dengan jumlah data ujicoba sebanyak 208 data. "
314,"Pengetahuan tentang bahasa Inggris pada jaman globalisasi saat ini sangatlah penting dan menjadi salah satu sarana untuk berkompetisi di segala bidang. Namun demikian, seringkali proses pembelajaran tidak dapat berjalan dengan lancar dikarenakan kurangnya metode pembelajaran yang kurang interaktif. Berangkat dari permasalahan tersebut maka dibangunlah sebuah game yang berunsur edukasi. Game berunsur edukasi harusnya menyenangkan dan tidak terlalu mudah atau terlalu sulit dimainkan  salah satunya dengan penerapan Artifical Intelegent (kecerdasan buatan). Dalam penelitian ini adalah bagaimana pemain mendapatkan tantangan (soal) sesuai dengan kemampuannya (pelevelan mandiri/auto leveling). Sehingga pemain tidak merasa frustasi (jika soalnya terlalu sulit) atau bosan (jika soalnya terlalu mudah). Metode yang dapat digunakan untuk membuat game yang mempunyai pelevelan mandiri adalah metode Finite State Machine (FSM) dan seluruhnya akan diimplementasikan kedalam game engine XNA. Dalam game pembelajaran bahasa Inggris ini terdapat speaking dan reading yang akan memanfaatkan teknologi speech recognition yang terdapat didalam XNA game studio. Dengan melakukan uji coba sistem kepada responden menghasilkan beberapa hal menjadikan game sebagai salah satu media pembelajaran, terciptanya game yang menarik dan menjadi game yang adaptif dengan penerapan perlevelan mandiri. Penggunaan speech recognition dapat meningkatkan kemampuan berbicara dalam bahasa Inggris. 

Kata Kunci : Education Game, Automatic Leveling, FSM (Finite State Machine), XNA game engine, Speech Recognition.
"
326,"Salah satu komponen penting yang menunjang operasi perusahaan adalah kegiatan memprediksi jumlah penjualan untuk periode selanjutnya. Dengan prediksi yang baik dapat dibuat rencana kerja perusahaan lebih efektif dan efisien. Sehingga dapat meminimalisir terjadinya kelebihan stok barang di gudang yang menyebabkan kerugian bagi perusahaan. Penelitian ini mengidentifikasi pola data penjualan produk STARFOOD di C.V. Wira Usaha Bugar Kecamatan Tragah, Kabupaten Bangkalan. agar mendapatkan metode peramalan yang terbaik berdasarkan pola data penjualan penjualan produk. Oleh karena itu dibutuhkan implementasi yang dapat memprediksi jumlah penjualan tiap minggunya agar perusahaan mendapatkan keuntungan yang maksimal. Dari beberapa hasil tes perhitungan peramalan yang telah dilakukan dapat diambil kesimpulan bahwa proses peramalan penjualan produk STARFOOD menggunakan metodeMoving Average (MA) lebih baik dari pada metode Single Exponential Smoothing (SES), dengan rata-rata bergerak m=12 dan menghasilkan MAPE 12,51%  dari semua produk untukstudikasusdi CV. Wira Usaha Bugar Kec. Tragah, Kab. Bangkalan."
330,"Pembelajaran/Tutorial pada perangkat selular lebih praktis dibandingkan dengan pembelajaran konvensional tatap muka, karena pengguna dapat belajar dengan fleksibel dimana saja tanpa adanya batasan ruang dan waktu. Pembelajaran mobile dapat memberikan kemudahan dalam memahami sesuatu tanpa mengganggu hal-hal yang berhubungan dengan manusia .
Capoeira sebagai salah satu kebudayaan populer di dunia telah merebut hati penggemarnya dari berbagai kalangan usia, gender, kultur dan lain sebagainya. Karena Capoeira terdapat nilai universal yang mampu menjadikan satu dalam perbedaan, terlebih Capoeira dianggap efektif sebagai salah satu gaya hidup sehat dalam unsur sportnya.
Madura sebuah pulau Indah yang juga tak kalah dalam Capoeira. Disini terdapat suatu kelompok yang fokus dan eksis dalam mempelajari dan mengembangkan Capoeira. Adalah Zungu Capoeira Madura nama dari kelompok ini yang berafiliasi dengan Induknya di Brasil membuat inovasi Zucara sebagai media pembelajarannya. 
Penulis menggunakan Android sebagai platform media aplikasi ini karena android berbasis open source. Kebutuhan akan media pembelajaran ini diimplementasikan pada perangkat selular yang menggunakan sistem operasi Android versi 2.3 Gingerbread. Harapan dari aplikasi ini adalah pengguna dapat meningkatkan skill Capoeira dengan mengakses langsung dari perangkat selular mereka.
"
334,"Perkembangan teknologi komunikasi yang begitu cepat memicu perkembangan teknologi telpon seluler sebagai salah satu alat komunikasi modern. Komunikasi data yang diimplementasikan juga beragam, teks, gambar bahkan suara. Medium yang digunakan-pun kini beragam baik itu internet, local connection hingga bluetooth. Bluetooth dapat dipilih sebagai alternatif medium untuk menghubungkan satu perangkat dengan perangkat lain. Ditambah lagi dengan perkembangan android yang belakangan ini juga semakin pesat semakin memberi kemudahan untuk betukar data melalui bluetooth. Bluetooth mampu menghubungkan perangkat yang satu dengan perangkat lainnya. Ini kemudian memungkinkan antar perangkat dapat saling bertukar atau berkirim data. Namun, dalam proses pengiriman data tersebut tidak ada yang dapat menjamin keamanannya. Hal ini yang kemudian membuat proses enkripsi menjadi hal yang penting. Data yang dikirim terlebih dahulu dikodekan sedemikian rupa hingga hanya dengan kunci tertentu kode tersebut dapat dibaca. RSA kemudian muncul sebagai salah satu alternatif algoritma yang dapat digunakan menangani proses enkripsi tersebut. RSA memiliki teknik pemfaktoran yang cukup rumit, hal ini membuat tingkat keamanannya cukup tinggi. Selain itu, RSA juga cocok diaplikasikan dalam platform mobile karena memiliki struktur yang asimetris sehingga tidak terlalu membebani sistem yang dimiliki oleh perangkat mobile tersebut. Pengujian aplikasi ini sudah teruji melalui perhitungan manual dan dari pengambilan dua device yang berbeda. "
336,"Search engine saat ini menggunakan mekanisme temu balik informasi dengan hasil yang belum optimal, dikarenakan proses pencarian dilakukan dengan mencocokkan query dengan kata pada konten, serta pembobotan tanpa memperhitungkan relasinya, juga proses pencarian klasik memakai acuan dokumen hypertext yang tidak terstruktur dan masih berupa bahasa alami. Beberapa permasalahan tersebut menyebabkan proses pencarian tidak akurat sesuai dengan kata kunci yang dimasukkan. Untuk menjawab permasalahan tersebut telah dikembangkan sebuah sistem yang disebut web semantik. Pada mekanisme web semantik, proses pencariannya menggunakan dokumen yang sudah terstruktur dan memiliki kemampuan untuk memberikan pengetahuan kepada mesin yaitu Resource Description Framework (RDF). Pada penelitian ini telah dibuat sebuah prototype mesin pencari berbasis web semantik. Teknologi web semantik yang digunakan pada penelitian ini berfokus pada pembuatan dokumen RDF untuk mendeskripsikan metadata menjadi sebuah resource yang memiliki susunan semantik (subjek-predikat-objek) dan menggunakan SPARQL yang mengambil modul ARQ pada Jena Library untuk mekanisme pencariannya. Penelitian ini telah menghasilkan dokumen RDF dari domain detikinet.com sebagai sumber pencarian yang valid sesuai struktur RDF dan standarisasi dokumen RDF dari W3C, juga menghasilkan prototype mesin pencari dengan optimalisasi Jena dan SPARQL yang menghasilkan nilai rata-rata precission 0.52, recall 0.63, f-measure 0.53."
338,"Malaria disebabkan oleh intraseluler parasit bersel tunggal yang dimiliki genus Plasmodium yang menginfeksi manusia dengan memasuki aliran darah. Dampak malaria secara geografis memiliki tingkat  transmisi tertinggi di daerah tropis dan subtropics, yaitu di negara-negara yang memiliki tingkat pertumbuhan penduduk yang besar (termasuk Indonesia). Pendeteksian parasit malaria dapat dilakukan mencari titik kromatin. Bila tidak ada titik kromatin pada sel darah merah  maka sel darah merah tersebut di anggap sebagai sel darah merah sehat. Pendeteksian titik kromatin secara manual akan memerlukan waktu yang lama. Proses segmentasi diharapkan sebagai langkah pertama untuk memudahkan pendeteksian titik kromatin karena segmentasi merupakan  salah  satu  faktor yang sangat penting dalam analisis suatu gambar. Penelitian ini melakukan segmentasi sel darah merah dengan menggunakan operasi Morfologi, deteksi tepi Canny, dan transformasi Watershed. Data yang digunakan sebanyak 15 data citra dan setiap citra akan diuji dengan empat macam operasi Morfologi kemudian citra hasil Morfologi akan diuji sebanyak 16 kali percobaan dengan parameter masking, sigma, high threshold (HT), dan low threshold (LT) dari deteksi tepi Canny. Hasil pengujian kemudian disegmentasi dengan menggunakan transformasi Watershed. Perhitungan tingkat akurasi dilakukan dengan membandingkan koordinat tiap piksel citra hasil segmentasi dengan citra ground truth  dan menghasilkan nilai rata-rata akurasi sebesar 39.3 %."
350,"Peramalan memperkirakan sesuatu pada waktu-waktu yang akan datang berdasarkan data masa 
lampau yang dianalisa secara ilmiah, khususnya menggunakan metode perhitungan statistika. 
Semakin banyak jumlah permintaan konsumen terhadap aksesoris olahraga maka secara 
otomatis penjualanya akan meningkat pula.hal ini akan tergantung terhadap banyaknya  
penjualan aksesoris olahraga kepada konsumen.  Selama ini  toko trend soccer  tidak pernah 
menggunakan sistem peramalan.  Tidak adanya peramalan mengakibatkan kurang efisien 
terhadap keuntungan toko tersebut karena tidak ada peramalan penjualan tiap mingguannya. 
oleh karena itu dibutuhkan implementasi peramalan yang bisa memprediksi jumlah penjualan 
tiap minggunya agar mengetahui besarnya penjualan tiap minggunya Maka untuk meramalkan 
menggunakan metode Single Exponential Smoothing, dan Double Exponential Smoothing dan 
diterapkan pada tools winqsb, Program WinQSB merupakan program komputer yang dapat 
melakukan peramalan berkaitan dengan data-data berpola konstan, trend atau musiman, dengan 
masing-masing dari pola data tersebut menggunakan metode dalam WinQSB yang berbeda. 
Dalam pola-pola tersebut juga terdapat metode-metode yang ada.Dari hasil peramalan yang 
dilakukan  menggunakan metode  single exponential smoothing dan double exponential 
smoothing  dengan nilai  ? 0,1,  ? 0,3, ? 0,5.  diperoleh hasil terbaik dengan nilai MSE dan 
MAPE terkecil dengan nilai rata-rata MSE sebesar 62.64  dan nilai MAPE sebesar 12.64%. 
Kata kunci : Peramalan,  Single Exponential Smooting (SES), Double Exponential Smooting 
(DES), Mean Square Error (MSE). 
 "
353,"Pengiriman informasi melalui jaringan elektronik dalam permasalahan ini adalah chatting dengan media server memiliki kerentanan dalam keamanan data yang dikirimkan . Layanan tersebut diketahui memiliki beberapa kelemahan, yaitu kelemahan terhadap masalah keamanan sistem. Kelemahan itu dikarenakan data yang dikirim kedalam server menggunakan koneksi dengan jaringan global sehingga lebih rentan terhadap serangan hacker.Pada penelitian ini untuk menjamin keamanan dan kerahasiaan informasi pada komunikasi yang menggunakan jaringan IP mobile, dilakukan proses enkripsi dan dekripsi terhadap informasi yang akan dikirimkan. Enkripsi dilakukan pada saat pengiriman dengan cara mengkonversi informasi asli menjadi informasi yang terenkripsi sedangkan dekripsi dilakukan pada saat penerimaan dengan cara mengkonversi informasi terenkripsi menjadi informasi asli. Jadi informasi yang dikirimkan selama proses pengiriman adalah data informasi yang terenkripsi, sehingga informasi asli tidak dapat diketahui oleh pihak yang tidak berhak. Informasi asli hanya dapat diketahui oleh penerima dengan menggunakan kunci rahasia.Penggunaan algoritma enkripsi Data Encryption Standard (DES) merupakan upaya untuk mencegah kebocoran data chat ke pihak lain. Sehingga dalam menggunakan aplikasi chat tidak dikhawatirkan terjadinya kebocoran informasi pribadi. Karena berdasarkan hasil uji coba terbukti bahwa cipherteks yang dihasilkan telah sesuai dengan hasil perhitungan menggunakan algoritma enkripsi DES. dan telah diuji menggunakan beberapa aplikasi DES test vector. "
354,"Unsur estetika dalam berpakaian terkadang menjadi salah satu permasalahan tersendiri bagi sebagian besar orang. Termasuk salah satunya permasalahan menentukan ukuran pakaian agar terlihat sesuai dengan ukuran tubuhnya. Dahulu untuk mendapatkan ukuran pakaian yang sesuai harus dilakukan secara manual menggunakan alat bantu berupa meteran, dengan pemanfaatan teknologi ini dapat menentukan ukuran pakaian yang sesuai dengan mudah.
Penelitian ini terdiri dari dua tahap yaitu proses segmentasi citra dan pengklasifikasi sesuai ukuran pakaian dengan menggunakan Metode Naïve Bayes. Pada proses segmentasi terdiri dari beberapa langkah, yaitu mengubah citra RGB menjadi Grayscale, dari citra Grayscale ke Biner dengan tresholding menggunakan Otsu, dan dihitung tinggi dan lebar objek, kemudian proses klasifikasi menggunakan metode Naïve Bayes. Metode Naïve Bayes ini digunakan untuk proses pengklasifikasian ukuran pakaian berdasarkan hasil ukur objek. Sehingga pada hasil akhir dapat diketahui hasil ukuran yang sesuai.
Citra didapat dari 2 cara yaitu, dari webcam/ kamera secara realtime dan file berformat .bmp. Berdasarkan uji coba proses segmentasi konversi dari citra grayscale ke biner dengan menggunakan tresholding otsu lebih memudahkan dalam memisahkan antara objek dengan latar belakang berdasarkan nilai ambang yang telah ditentukan. Setelah didapatkan ukuran objek maka diklasifikasikan dengan menggunakan metode Naïve Bayes. Dengan demikian, penelitian ini dapat dikembangkan lagi dengan metode pembelajaran lainya.
Kata kunci: Grayscale, Biner, Tresholding, Otsu, Naïve Bayes"
